"Especie","longitude","latitude"
"AMZ_Alouatta_belzebul",-50.405405,-2.365105
"AMZ_Alouatta_belzebul",-48.060096,-1.967971
"AMZ_Alouatta_belzebul",-50.164386,-6.169889
"AMZ_Alouatta_belzebul",-50.118524,-6.024605
"AMZ_Alouatta_belzebul",-50.098166,-6.088576
"AMZ_Alouatta_belzebul",-50.048379,-6.073788
"AMZ_Alouatta_belzebul",-50.047341,-6.030504
"AMZ_Alouatta_belzebul",-50.02184,-6.380367
"AMZ_Alouatta_belzebul",-50.162015,-6.033841
"AMZ_Alouatta_belzebul",-50.197783,-6.002425
"AMZ_Alouatta_belzebul",-50.053493,-6.02993
"AMZ_Alouatta_belzebul",-48.6915,-7.1545
"AMZ_Alouatta_belzebul",-48.6915,-7.1545
"AMZ_Alouatta_belzebul",-46.5554,-2.5972
"AMZ_Alouatta_belzebul",-47.369032,-2.889455
"AMZ_Alouatta_belzebul",-48.003127,-4.678872
"AMZ_Alouatta_belzebul",-50.356854,-6.181357
"AMZ_Alouatta_belzebul",-48.952565,-7.025358
"AMZ_Alouatta_belzebul",-50.028684,-6.019721
"AMZ_Alouatta_belzebul",-50.098458,-6.058342
"AMZ_Alouatta_belzebul",-50.259916,-6.14844
"AMZ_Alouatta_belzebul",-48.250758,-7.274898
"AMZ_Alouatta_belzebul",-48.236852,-7.248744
"AMZ_Alouatta_belzebul",-49.318561,-5.060163
"AMZ_Alouatta_belzebul",-50.079724,-6.071133
"AMZ_Alouatta_belzebul",-50.115049,-6.14164
"AMZ_Alouatta_belzebul",-50.107859,-6.115528
"AMZ_Alouatta_belzebul",-50.076638,-6.050636
"AMZ_Alouatta_belzebul",-50.129455,-6.053434
"AMZ_Alouatta_belzebul",-47.972749,-3.606393
"AMZ_Alouatta_belzebul",-50.14112,-6.028177
"AMZ_Alouatta_belzebul",-50.085965,-6.002169
"AMZ_Alouatta_belzebul",-47.672301,-2.740781
"AMZ_Alouatta_belzebul",-50.090296,-6.100084
"AMZ_Alouatta_belzebul",-52.713748,-5.73748
"AMZ_Alouatta_belzebul",-52.434368,-9.313637
"AMZ_Alouatta_belzebul",-50.144403,-6.106967
"AMZ_Alouatta_belzebul",-49.926854,-6.632163
"AMZ_Alouatta_belzebul",-50.364449,-6.048154
"AMZ_Alouatta_belzebul",-47.434575,-3.517838
"AMZ_Alouatta_belzebul",-50.102052,-6.105402
"AMZ_Alouatta_belzebul",-47.663374,-5.066418
"AMZ_Alouatta_belzebul",-49.923887,-6.70592
"AMZ_Alouatta_belzebul",-50.0989,-6.157106
"AMZ_Alouatta_belzebul",-50.179862,-6.080732
"AMZ_Alouatta_belzebul",-50.146316,-6.172068
"AMZ_Alouatta_belzebul",-50.096702,-6.191785
"AMZ_Alouatta_belzebul",-51.134216,-6.738729
"AMZ_Alouatta_belzebul",-51.004749,-6.78016
"AMZ_Alouatta_belzebul",-50.07947,-6.117647
"AMZ_Alouatta_belzebul",-50.10199,-6.093857
"AMZ_Alouatta_belzebul",-49.869466,-6.082771
"AMZ_Alouatta_belzebul",-47.583122,-3.694185
"AMZ_Alouatta_belzebul",-47.78617,-5.111066
"AMZ_Alouatta_belzebul",-49.39136,-7.204697
"AMZ_Alouatta_belzebul",-50.080675,-6.012042
"AMZ_Alouatta_belzebul",-50.094927,-6.199042
"AMZ_Alouatta_belzebul",-50.038329,-6.17337
"AMZ_Alouatta_belzebul",-50.00886,-6.077655
"AMZ_Alouatta_belzebul",-50.42285,-6.174047
"AMZ_Alouatta_belzebul",-50.174138,-6.086754
"AMZ_Alouatta_belzebul",-50.020262,-6.100723
"AMZ_Alouatta_belzebul",-50.101429,-6.100395
"AMZ_Alouatta_belzebul",-50.034626,-6.181209
"AMZ_Alouatta_belzebul",-50.11266,-6.014189
"AMZ_Alouatta_belzebul",-50.335275,-6.064879
"AMZ_Alouatta_belzebul",-45.705163,-1.340068
"AMZ_Alouatta_belzebul",-50.335714,-6.129716
"AMZ_Alouatta_belzebul",-50.032092,-6.125471
"AMZ_Alouatta_belzebul",-50.118576,-6.137122
"AMZ_Alouatta_belzebul",-49.331682,-7.91322
"AMZ_Alouatta_belzebul",-50.196242,-6.08958
"AMZ_Alouatta_belzebul",-50.104348,-6.183135
"AMZ_Alouatta_belzebul",-50.177592,-6.184845
"AMZ_Alouatta_belzebul",-50.077626,-6.057462
"AMZ_Alouatta_belzebul",-47.682999,-4.865552
"AMZ_Alouatta_belzebul",-47.796365,-3.081522
"AMZ_Alouatta_belzebul",-50.089231,-6.070616
"AMZ_Alouatta_belzebul",-49.000531,-5.245206
"AMZ_Alouatta_belzebul",-50.098996,-6.076533
"AMZ_Alouatta_belzebul",-49.243184,-7.479883
"AMZ_Alouatta_belzebul",-49.60453,-5.838685
"AMZ_Alouatta_belzebul",-47.521303,-4.930047
"AMZ_Alouatta_belzebul",-50.218292,-6.306589
"AMZ_Alouatta_belzebul",-49.508777,-5.898354
"AMZ_Alouatta_belzebul",-50.02715,-9.361648
"AMZ_Alouatta_belzebul",-50.160613,-6.195285
"AMZ_Alouatta_belzebul",-50.010785,-6.125845
"AMZ_Alouatta_belzebul",-50.045162,-6.085498
"AMZ_Alouatta_belzebul",-50.074415,-6.040487
"AMZ_Alouatta_belzebul",-50.566262,-6.229706
"AMZ_Alouatta_belzebul",-46.887261,-3.667446
"AMZ_Alouatta_belzebul",-49.688828,-3.889363
"AMZ_Alouatta_belzebul",-49.837084,-6.149222
"AMZ_Alouatta_belzebul",-50.737098,-3.818671
"AMZ_Alouatta_belzebul",-50.245681,-6.036921
"AMZ_Alouatta_belzebul",-49.652238,-3.795483
"AMZ_Alouatta_belzebul",-48.889972,-5.756563
"AMZ_Alouatta_belzebul",-49.839525,-6.166422
"AMZ_Alouatta_belzebul",-49.94806,-6.15562
"AMZ_Alouatta_belzebul",-49.939159,-6.050186
"AMZ_Alouatta_belzebul",-46.69123525,-3.644943151
"AMZ_Alouatta_belzebul",-49.93333333,-4.46666666
"AMZ_Alouatta_belzebul",-47.660512,-7.07849
"AMZ_Alouatta_belzebul",-48.98333333,-2.3
"AMZ_Alouatta_belzebul",-48.58333333,-0.28333333
"AMZ_Alouatta_belzebul",-50.26480272,-1.81385194
"AMZ_Alouatta_belzebul",-45.26720105,-5.5970922
"AMZ_Alouatta_belzebul",-49.405818,-4.423258
"AMZ_Alouatta_belzebul",-47.437233,-1.771451
"AMZ_Alouatta_belzebul",-47.1,-1.55
"AMZ_Alouatta_belzebul",-47.586666,-6.997944
"AMZ_Alouatta_belzebul",-47.521344,-7.33221497
"AMZ_Alouatta_belzebul",-48.66666666,-6.41666666
"AMZ_Alouatta_belzebul",-44.803521,-2.036729
"AMZ_Alouatta_belzebul",-49.373007,-4.299873
"AMZ_Alouatta_belzebul",-47.14598052,-1.51706514
"AMZ_Alouatta_belzebul",-49.527178,-4.099657
"AMZ_Alouatta_belzebul",-49.67,-3.77
"AMZ_Alouatta_belzebul",-47.597641,-7.016653
"AMZ_Alouatta_belzebul",-47.41293537,-2.99514116
"AMZ_Alouatta_belzebul",-52.624983,-5.746867
"AMZ_Alouatta_belzebul",-47.31666666,-3
"AMZ_Alouatta_belzebul",-47.44895967,-0.76572199
"AMZ_Alouatta_belzebul",-47.48333333,-5.53333333
"AMZ_Alouatta_belzebul",-49.78,-4.32
"AMZ_Alouatta_belzebul",-48.16833333,-3.75888888
"AMZ_Alouatta_belzebul",-49.380991,-4.364583
"AMZ_Alouatta_belzebul",-46.75650157,-3.74174482
"AMZ_Alouatta_belzebul",-50.5,-5.83333333
"AMZ_Alouatta_belzebul",-47.783619,-6.839312
"AMZ_Alouatta_belzebul",-50.33,-3.83
"AMZ_Alouatta_belzebul",-46.75364377,-3.20624887
"AMZ_Alouatta_belzebul",-49.644652,-4.151724
"AMZ_Alouatta_belzebul",-49.822632,-4.270363
"AMZ_Alouatta_belzebul",-47.5135,-6.592267
"AMZ_Alouatta_belzebul",-47.628868,-7.065458
"AMZ_Alouatta_belzebul",-50.18195055,0.130830931
"AMZ_Alouatta_belzebul",-51.9,-3.6
"AMZ_Alouatta_belzebul",-47.630424,-6.665738
"AMZ_Alouatta_belzebul",-50,-5.25
"AMZ_Alouatta_belzebul",-52.38,-3.65
"AMZ_Alouatta_belzebul",-49.5,-1.18
"AMZ_Alouatta_belzebul",-49.64386422,-3.78644616
"AMZ_Alouatta_belzebul",-49.05129,-4.0907
"AMZ_Alouatta_belzebul",-49.62861212,-3.84140551
"AMZ_Alouatta_belzebul",-50,-6
"AMZ_Alouatta_belzebul",-49.53333333,-4.41666666
"AMZ_Alouatta_belzebul",-48.16833333,-3.75888888
"AMZ_Alouatta_belzebul",-49.16666666,-5.35
"AMZ_Alouatta_belzebul",-50.49786092,-5.69482197
"AMZ_Alouatta_belzebul",-49.913813,-6.058825
"AMZ_Alouatta_belzebul",-51.12481708,-10.22233103
"AMZ_Alouatta_belzebul",-51.1303988,-9.911134187
"AMZ_Alouatta_belzebul",-47.594898,-7.017744
"AMZ_Alouatta_belzebul",-49.11666666,-5.35
"AMZ_Alouatta_belzebul",-48.522125,-0.250075
"AMZ_Alouatta_belzebul",-49.45,-3.7
"AMZ_Alouatta_belzebul",-49.52,-4.47
"AMZ_Alouatta_belzebul",-49.67885874,-4.157882388
"AMZ_Alouatta_belzebul",-47.624508,-7.046298
"AMZ_Alouatta_belzebul",-49.7862,-4.332493
"AMZ_Alouatta_belzebul",-51.178439,-7.721277
"AMZ_Alouatta_belzebul",-51.16902112,-10.24390011
"AMZ_Alouatta_belzebul",-49.48,-4.65
"AMZ_Alouatta_belzebul",-51.70527811,-1.98918079
"AMZ_Alouatta_belzebul",-50.0160697,-0.85321805
"AMZ_Alouatta_belzebul",-49.58333333,-0.03333333
"AMZ_Alouatta_belzebul",-49.63823732,-3.85112555
"AMZ_Alouatta_belzebul",-48.13333333,-0.8
"AMZ_Alouatta_belzebul",-45.66494,-3.961985
"AMZ_Alouatta_belzebul",-49.466667,-4.55
"AMZ_Alouatta_belzebul",-49.566374,-4.477376
"AMZ_Alouatta_belzebul",-48.26273,-5.095075
"AMZ_Alouatta_belzebul",-45.32,-4.03
"AMZ_Alouatta_belzebul",-47.12527095,-1.53777471
"AMZ_Alouatta_belzebul",-49.264179,-4.596287
"AMZ_Alouatta_belzebul",-49.344773,-4.988772
"AMZ_Alouatta_belzebul",-45.65,-3.97
"AMZ_Alouatta_belzebul",-52.19149,-3.333202
"AMZ_Alouatta_belzebul",-49.502171,-4.664659
"AMZ_Alouatta_belzebul",-49.435123,-4.263037
"AMZ_Alouatta_belzebul",-50.82,-1.95
"AMZ_Alouatta_belzebul",-47.519792,-2.426085
"AMZ_Alouatta_belzebul",-47.595198,-7.01805
"AMZ_Alouatta_belzebul",-51.27321127,-10.34194202
"AMZ_Alouatta_belzebul",-49.512791,-4.071339
"AMZ_Alouatta_belzebul",-51.03531427,-9.854086
"AMZ_Alouatta_belzebul",-47.58333333,-2.91666666
"AMZ_Alouatta_belzebul",-51.10342495,-9.910609948
"AMZ_Alouatta_belzebul",-47.4,-1.2
"AMZ_Alouatta_belzebul",-51.11386327,-10.04995623
"AMZ_Alouatta_belzebul",-49.645833,-3.864722
"AMZ_Alouatta_belzebul",-52.351483,-3.62515
"AMZ_Alouatta_belzebul",-49.12,-0.83
"AMZ_Alouatta_belzebul",-48.22,-7.35
"AMZ_Alouatta_belzebul",-47.4,-1.23333333
"AMZ_Alouatta_belzebul",-51.45,-1.75
"AMZ_Alouatta_belzebul",-47.4,-1.23333333
"AMZ_Alouatta_belzebul",-45.663661,-3.969924
"AMZ_Alouatta_belzebul",-50.25,-6.17
"AMZ_Alouatta_belzebul",-47.50942397,-7.367544
"AMZ_Alouatta_belzebul",-47.827541,-7.016038
"AMZ_Alouatta_belzebul",-49.608589,-4.4615
"AMZ_Alouatta_belzebul",-50.43279066,-5.57875939
"AMZ_Alouatta_belzebul",-50.08,-0.6
"AMZ_Alouatta_belzebul",-50.57,-5.77
"AMZ_Alouatta_belzebul",-49.67,-2.82
"AMZ_Alouatta_belzebul",-49.493582,-4.119808
"AMZ_Alouatta_belzebul",-50.48,-1.68
"AMZ_Alouatta_belzebul",-48.16833333,-3.75888888
"AMZ_Alouatta_belzebul",-46.810944,-3.622392
"AMZ_Alouatta_belzebul",-48.16833333,-3.75888888
"AMZ_Alouatta_belzebul",-51,-5.28
"AMZ_Alouatta_belzebul",-47.585933,-7.017531
"AMZ_Alouatta_belzebul",-48.490178,-1.455729
"AMZ_Alouatta_belzebul",-47.78333333,-1.66666666
"AMZ_Alouatta_belzebul",-49.65,-4.03333333
"AMZ_Alouatta_belzebul",-47.586261,-7.016364
"AMZ_Alouatta_belzebul",-49.24115,-5.306837
"AMZ_Alouatta_belzebul",-51.466667,-1.7
"AMZ_Alouatta_belzebul",-51.87163711,-6.63221662
"AMZ_Alouatta_belzebul",-51.63786853,-2.068153
"AMZ_Alouatta_belzebul",-45.25,-5.5
"AMZ_Alouatta_belzebul",-47.766758,-7.051034
"AMZ_Alouatta_belzebul",-49.58333333,-4.26666666
"AMZ_Alouatta_belzebul",-47.623975,-7.080107
"AMZ_Alouatta_belzebul",-47.74988,-7.119489
"AMZ_Alouatta_belzebul",-49.73333333,-3.83333333
"AMZ_Alouatta_belzebul",-50.25,-6.16666666
"AMZ_Alouatta_belzebul",-50.81666666,-1.95
"AMZ_Alouatta_belzebul",-49.405336,-4.455049
"AMZ_Alouatta_belzebul",-49.375581,-4.386197
"AMZ_Alouatta_belzebul",-48.2,-1.96666666
"AMZ_Alouatta_belzebul",-49.6483582,-3.83543927
"AMZ_Alouatta_belzebul",-49.630091,-3.796274
"AMZ_Alouatta_belzebul",-49.91,-0.18
"AMZ_Alouatta_belzebul",-50.845504,-2.530618
"AMZ_Alouatta_belzebul",-49.371448,-4.351896
"AMZ_Alouatta_belzebul",-49.664586,-4.377597
"AMZ_Alouatta_belzebul",-49.377365,-4.264484
"AMZ_Alouatta_belzebul",-50.18,-0.65
"AMZ_Alouatta_belzebul",-45.454984,-4.621559
"AMZ_Alouatta_belzebul",-48.93147206,-2.89245121
"AMZ_Alouatta_belzebul",-49.65361,-3.810233
"AMZ_Alouatta_belzebul",-49.950388,-4.24797
"AMZ_Alouatta_belzebul",-47.766696,-1.688286
"AMZ_Alouatta_belzebul",-47.35,-2.98
"AMZ_Alouatta_belzebul",-49.991286,-0.165325
"AMZ_Alouatta_belzebul",-52.357883,-3.630533
"AMZ_Alouatta_belzebul",-49.406364,-4.944971
"AMZ_Alouatta_belzebul",-46.74861111,-1.87583333
"AMZ_Alouatta_belzebul",-49.64583333,-3.86472222
"AMZ_Alouatta_belzebul",-50.33333333,-3.83333333
"AMZ_Alouatta_belzebul",-50.68,-0.6
"AMZ_Alouatta_belzebul",-45.65,-1.35
"AMZ_Alouatta_belzebul",-45.960436,-2.049653
"AMZ_Alouatta_belzebul",-49.515608,-4.064065
"AMZ_Alouatta_belzebul",-46.33415,-3.70076
"MA_Alouatta_belzebul",-35.173752,-6.204797
"MA_Alouatta_belzebul",-35.057362,-6.304139
"MA_Alouatta_belzebul",-35.184519,-6.263276
"MA_Alouatta_belzebul",-35.09685,-6.269495
"MA_Alouatta_belzebul",-35.008411,-7.158954
"MA_Alouatta_belzebul",-35.186037,-7.072901
"MA_Alouatta_belzebul",-35.8726,-9.2144
"MA_Alouatta_belzebul",-35.067673,-7.025839
"MA_Alouatta_belzebul",-35.074156,-6.84747
"MA_Alouatta_belzebul",-35.034943,-7.024645
"MA_Alouatta_belzebul",-35.1583,-7.199035
"MA_Alouatta_belzebul",-35.016,-7.060939
"MA_Alouatta_belzebul",-35.01379,-6.816317
"MA_Alouatta_belzebul",-35.033518,-6.879644
"MA_Alouatta_belzebul",-35.073324,-6.919341
"MA_Alouatta_belzebul",-35.164083,-7.07566
"MA_Alouatta_belzebul",-35.080634,-7.153234
"MA_Alouatta_belzebul",-35.067943,-7.162164
"MA_Alouatta_belzebul",-35.082003,-7.186393
"MA_Alouatta_belzebul",-34.920461,-7.112546
"MA_Alouatta_belzebul",-35.036475,-7.089236
"MA_Alouatta_belzebul",-35.170389,-7.007891
"MA_Alouatta_belzebul",-35.074332,-7.055206
"MA_Alouatta_belzebul",-35.184317,-6.886546
"MA_Alouatta_belzebul",-34.976036,-6.819337
"MA_Alouatta_belzebul",-35.18748,-6.991012
"MA_Alouatta_belzebul",-34.988097,-7.077008
"MA_Alouatta_belzebul",-35.192874,-7.076636
"MA_Alouatta_belzebul",-34.896473,-7.099733
"MA_Alouatta_belzebul",-35.096292,-7.084872
"MA_Alouatta_belzebul",-35.034093,-6.983386
"MA_Alouatta_belzebul",-35.151565,-7.101107
"MA_Alouatta_belzebul",-35.169515,-7.03519
"MA_Alouatta_belzebul",-35.09485,-6.80685
"MA_Alouatta_belzebul",-35.037429,-7.105334
"MA_Alouatta_belzebul",-35.082805,-7.088253
"MA_Alouatta_belzebul",-35.059,-6.947034
"MA_Alouatta_belzebul",-35.164692,-7.166411
"MA_Alouatta_belzebul",-35.147823,-6.305896
"MA_Alouatta_belzebul",-34.925678,-7.02955
"MA_Alouatta_belzebul",-35.134062,-6.386099
"MA_Alouatta_belzebul",-34.994733,-6.931528
"MA_Alouatta_belzebul",-34.88151,-7.030912
"MA_Alouatta_belzebul",-34.977521,-7.15451
"MA_Alouatta_belzebul",-35.027865,-6.376376
"MA_Alouatta_belzebul",-34.876974,-7.138911
"MA_Alouatta_belzebul",-34.842244,-7.182931
"MA_Alouatta_belzebul",-35.143067,-7.178229
"MA_Alouatta_belzebul",-35.093063,-7.192625
"MA_Alouatta_belzebul",-35.083774,-7.011553
"MA_Alouatta_belzebul",-34.909704,-6.837331
"MA_Alouatta_belzebul",-35.0111,-7.054802
"MA_Alouatta_belzebul",-35.197187,-7.161807
"MA_Alouatta_belzebul",-35.164521,-7.062332
"MA_Alouatta_belzebul",-35.005137,-7.164464
"MA_Alouatta_belzebul",-35.002194,-7.16553
"MA_Alouatta_belzebul",-34.924354,-7.015258
"MA_Alouatta_belzebul",-35.158889,-7.053056
"MA_Alouatta_belzebul",-35.158889,-7.053056
"MA_Alouatta_belzebul",-35.052117,-7.019156
"MA_Alouatta_belzebul",-34.989564,-7.018489
"MA_Alouatta_belzebul",-35.157235,-7.04007
"MA_Alouatta_belzebul",-35.157235,-7.04007
"MA_Alouatta_belzebul",-36.04857744,-9.91505553
"MA_Alouatta_belzebul",-35.0224,-6.47497
"MA_Alouatta_belzebul",-36.29533333,-10.00791666
"MA_Alouatta_belzebul",-34.921333,-6.994111
"MA_Alouatta_belzebul",-35.833333,-9.25
"MA_Alouatta_belzebul",-35.011669,-6.506497
"MA_Alouatta_belzebul",-36.133333,-9.916667
"MA_Alouatta_belzebul",-35.0985,-7.25535
"MA_Alouatta_belzebul",-35.93333333,-9.31666666
"MA_Alouatta_belzebul",-35.157235,-7.04007
"MA_Alouatta_belzebul",-35.403917,-8.712667
"MA_Alouatta_belzebul",-35.1339,-7.36753
"MA_Alouatta_belzebul",-36.22758333,-10.01591666
"MA_Alouatta_belzebul",-35.058153,-7.079427
"MA_Alouatta_belzebul",-35.1052,-7.20761
"MA_Alouatta_belzebul",-35.02219856,-7.15277578
"MA_Alouatta_belzebul",-35.08105682,-7.01661664
"MA_Alouatta_belzebul",-35.03933056,-6.31838055
"MA_Alouatta_belzebul",-35.40391666,-8.71266666
"MA_Alouatta_belzebul",-34.981897,-6.430662
"MA_Alouatta_belzebul",-35.079103,-6.930708
"MA_Alouatta_belzebul",-35.13313441,-7.04428125
"MA_Alouatta_belzebul",-35.0747,-6.4105
"MA_Alouatta_belzebul",-35.16556,-7.04687
"MA_Alouatta_belzebul",-35.157235,-7.04007
"MA_Alouatta_belzebul",-35.17344276,-6.72652179
"MA_Alouatta_belzebul",-36.18222222,-10.03508333
"MA_Alouatta_belzebul",-35.157235,-7.04007
"MA_Alouatta_belzebul",-35.08823877,-7.19281279
"MA_Alouatta_belzebul",-35.85961111,-9.207022222
"MA_Alouatta_belzebul",-34.97824444,-6.49746666
"MA_Alouatta_belzebul",-35.021573,-6.487743
"MA_Alouatta_belzebul",-36.13333333,-9.91666666
"MA_Alouatta_belzebul",-35.097811,-7.098761
"MA_Alouatta_belzebul",-35.08105682,-7.01661664
"MA_Alouatta_belzebul",-35.86097,-9.59738
"MA_Alouatta_belzebul",-35.157235,-7.04007
"MA_Alouatta_belzebul",-35.982167,-9.516778
"MA_Alouatta_belzebul",-35.10002556,-6.878569492
"MA_Alouatta_belzebul",-35.15443167,-7.04284185
"MA_Alouatta_belzebul",-34.979611,-6.437222
"MA_Alouatta_belzebul",-35.010047,-7.023644
"MA_Alouatta_belzebul",-35.157235,-7.04007
"MA_Alouatta_belzebul",-35.403861,-8.712924
"MA_Alouatta_belzebul",-35.073957,-6.960048
"MA_Alouatta_belzebul",-35.084583,-6.646611
"MA_Alouatta_belzebul",-34.95482825,-7.01435336
"MA_Alouatta_belzebul",-34.98736282,-7.0865581
"MA_Alouatta_belzebul",-34.936114,-7.005665
"MA_Alouatta_belzebul",-35.017695,-6.473944
"MA_Alouatta_belzebul",-35.137244,-6.984608
"MA_Alouatta_belzebul",-35.18213548,-6.7256411
"MA_Alouatta_belzebul",-35.09875074,-7.18553205
"MA_Alouatta_belzebul",-35.836361,-9.262611
"MA_Alouatta_belzebul",-35.0991333,-6.97283112
"MA_Alouatta_belzebul",-35.04426768,-7.15965781
"MA_Alouatta_belzebul",-35.149058,-7.065944
"MA_Alouatta_belzebul",-35.041932,-6.493122
